postcode,region_gpt,country_string
AB10,Scotland,Scotland
AB11,Scotland,Scotland
AB12,Scotland,Scotland
AB13,Scotland,Scotland
AB14,Scotland,Scotland
AB15,Scotland,Scotland
AB16,Scotland,Scotland
AB21,Scotland,Scotland
AB22,Scotland,Scotland
AB23,Scotland,Scotland
AB24,Scotland,Scotland
AB25,Scotland,Scotland
AB30,Scotland,Scotland
AB31,Scotland,Scotland
AB32,Scotland,Scotland
AB33,Scotland,Scotland
AB34,Scotland,Scotland
AB35,Scotland,Scotland
AB36,Scotland,Scotland
AB37,Scotland,Scotland
AB38,Scotland,Scotland
AB39,Scotland,Scotland
AB41,Scotland,Scotland
AB42,Scotland,Scotland
AB43,Scotland,Scotland
AB44,Scotland,Scotland
AB45,Scotland,Scotland
AB51,Scotland,Scotland
AB52,Scotland,Scotland
AB53,Scotland,Scotland
AB54,Scotland,Scotland
AB55,Scotland,Scotland
AB56,Scotland,Scotland
AL1,East of England,England
AL10,East of England,England
AL2,East of England,England
AL3,East of England,England
AL4,East of England,England
AL5,East of England,England
AL6,East of England,England
AL7,East of England,England
AL8,East of England,England
AL9,East of England,England
B1,West Midlands,England
B10,West Midlands,England
B11,West Midlands,England
B12,West Midlands,England
B13,West Midlands,England
B14,West Midlands,England
B15,West Midlands,England
B16,West Midlands,England
B17,West Midlands,England
B18,West Midlands,England
B19,West Midlands,England
B2,West Midlands,England
B20,West Midlands,England
B21,West Midlands,England
B23,West Midlands,England
B24,West Midlands,England
B25,West Midlands,England
B26,West Midlands,England
B27,West Midlands,England
B28,West Midlands,England
B29,West Midlands,England
B3,West Midlands,England
B30,West Midlands,England
B31,West Midlands,England
B32,West Midlands,England
B33,West Midlands,England
B34,West Midlands,England
B35,West Midlands,England
B36,West Midlands,England
B37,West Midlands,England
B38,West Midlands,England
B4,West Midlands,England
B40,West Midlands,England
B42,West Midlands,England
B43,West Midlands,England
B44,West Midlands,England
B45,West Midlands,England
B46,West Midlands,England
B47,West Midlands,England
B48,West Midlands,England
B49,West Midlands,England
B5,West Midlands,England
B50,West Midlands,England
B6,West Midlands,England
B60,West Midlands,England
B61,West Midlands,England
B62,West Midlands,England
B63,West Midlands,England
B64,West Midlands,England
B65,West Midlands,England
B66,West Midlands,England
B67,West Midlands,England
B68,West Midlands,England
B69,West Midlands,England
B7,West Midlands,England
B70,West Midlands,England
B71,West Midlands,England
B72,West Midlands,England
B73,West Midlands,England
B74,West Midlands,England
B75,West Midlands,England
B76,West Midlands,England
B77,West Midlands,England
B78,West Midlands,England
B79,West Midlands,England
B8,West Midlands,England
B80,West Midlands,England
B9,West Midlands,England
B90,West Midlands,England
B91,West Midlands,England
B92,West Midlands,England
B93,West Midlands,England
B94,West Midlands,England
B95,West Midlands,England
B96,West Midlands,England
B97,West Midlands,England
B98,West Midlands,England
BA1,South West,England
BA10,South West,England
BA11,South West,England
BA12,South West,England
BA13,South West,England
BA14,South West,England
BA15,South West,England
BA16,South West,England
BA2,South West,England
BA20,South West,England
BA21,South West,England
BA22,South West,England
BA3,South West,England
BA4,South West,England
BA5,South West,England
BA6,South West,England
BA7,South West,England
BA8,South West,England
BA9,South West,England
BB1,North West,England
BB10,North West,England
BB11,North West,England
BB12,North West,England
BB18,North West,England
BB2,North West,England
BB3,North West,England
BB4,North West,England
BB5,North West,England
BB6,North West,England
BB7,North West,England
BB8,North West,England
BB9,North West,England
BD1,Yorkshire and the Humber,England
BD10,Yorkshire and the Humber,England
BD11,Yorkshire and the Humber,England
BD12,Yorkshire and the Humber,England
BD13,Yorkshire and the Humber,England
BD14,Yorkshire and the Humber,England
BD15,Yorkshire and the Humber,England
BD16,Yorkshire and the Humber,England
BD17,Yorkshire and the Humber,England
BD18,Yorkshire and the Humber,England
BD19,Yorkshire and the Humber,England
BD2,Yorkshire and the Humber,England
BD20,Yorkshire and the Humber,England
BD21,Yorkshire and the Humber,England
BD22,Yorkshire and the Humber,England
BD23,Yorkshire and the Humber,England
BD24,Yorkshire and the Humber,England
BD3,Yorkshire and the Humber,England
BD4,Yorkshire and the Humber,England
BD5,Yorkshire and the Humber,England
BD6,Yorkshire and the Humber,England
BD7,Yorkshire and the Humber,England
BD8,Yorkshire and the Humber,England
BD9,Yorkshire and the Humber,England
BH1,South West,England
BH10,South West,England
BH11,South West,England
BH12,South West,England
BH13,South West,England
BH14,South West,England
BH15,South West,England
BH16,South West,England
BH17,South West,England
BH18,South West,England
BH19,South West,England
BH2,South West,England
BH20,South West,England
BH21,South West,England
BH22,South West,England
BH23,South West,England
BH24,South East,England
BH25,South East,England
BH3,South West,England
BH31,South West,England
BH4,South West,England
BH5,South West,England
BH6,South West,England
BH7,South West,England
BH8,South West,England
BH9,South West,England
BL0,North West,England
BL1,North West,England
BL2,North West,England
BL3,North West,England
BL4,North West,England
BL5,North West,England
BL6,North West,England
BL7,North West,England
BL8,North West,England
BL9,North West,England
BN1,South East,England
BN10,South East,England
BN11,South East,England
BN12,South East,England
BN13,South East,England
BN14,South East,England
BN15,South East,England
BN16,South East,England
BN17,South East,England
BN18,South East,England
BN2,South East,England
BN20,South East,England
BN21,South East,England
BN22,South East,England
BN23,South East,England
BN24,South East,England
BN25,South East,England
BN26,South East,England
BN27,South East,England
BN3,South East,England
BN41,South East,England
BN42,South East,England
BN43,South East,England
BN44,South East,England
BN45,South East,England
BN5,South East,England
BN6,South East,England
BN7,South East,England
BN8,South East,England
BN9,South East,England
BR1,London,England
BR2,London,England
BR3,London,England
BR4,London,England
BR5,London,England
BR6,London,England
BR7,London,England
BR8,South East,England
BS1,South West,England
BS10,South West,England
BS11,South West,England
BS13,South West,England
BS14,South West,England
BS15,South West,England
BS16,South West,England
BS2,South West,England
BS20,South West,England
BS21,South West,England
BS22,South West,England
BS23,South West,England
BS24,South West,England
BS25,South West,England
BS26,South West,England
BS27,South West,England
BS28,South West,England
BS29,South West,England
BS3,South West,England
BS30,South West,England
BS31,South West,England
BS32,South West,England
BS34,South West,England
BS35,South West,England
BS36,South West,England
BS37,South West,England
BS39,South West,England
BS4,South West,England
BS40,South West,England
BS41,South West,England
BS48,South West,England
BS49,South West,England
BS5,South West,England
BS6,South West,England
BS7,South West,England
BS8,South West,England
BS9,South West,England
BS99,South West,England
BT1,Northern Ireland,Northern Ireland
BT10,Northern Ireland,Northern Ireland
BT11,Northern Ireland,Northern Ireland
BT12,Northern Ireland,Northern Ireland
BT13,Northern Ireland,Northern Ireland
BT14,Northern Ireland,Northern Ireland
BT15,Northern Ireland,Northern Ireland
BT16,Northern Ireland,Northern Ireland
BT17,Northern Ireland,Northern Ireland
BT18,Northern Ireland,Northern Ireland
BT19,Northern Ireland,Northern Ireland
BT2,Northern Ireland,Northern Ireland
BT20,Northern Ireland,Northern Ireland
BT21,Northern Ireland,Northern Ireland
BT22,Northern Ireland,Northern Ireland
BT23,Northern Ireland,Northern Ireland
BT24,Northern Ireland,Northern Ireland
BT25,Northern Ireland,Northern Ireland
BT26,Northern Ireland,Northern Ireland
BT27,Northern Ireland,Northern Ireland
BT28,Northern Ireland,Northern Ireland
BT29,Northern Ireland,Northern Ireland
BT3,Northern Ireland,Northern Ireland
BT30,Northern Ireland,Northern Ireland
BT31,Northern Ireland,Northern Ireland
BT32,Northern Ireland,Northern Ireland
BT33,Northern Ireland,Northern Ireland
BT34,Northern Ireland,Northern Ireland
BT35,Northern Ireland,Northern Ireland
BT36,Northern Ireland,Northern Ireland
BT37,Northern Ireland,Northern Ireland
BT38,Northern Ireland,Northern Ireland
BT39,Northern Ireland,Northern Ireland
BT4,Northern Ireland,Northern Ireland
BT40,Northern Ireland,Northern Ireland
BT41,Northern Ireland,Northern Ireland
BT42,Northern Ireland,Northern Ireland
BT43,Northern Ireland,Northern Ireland
BT44,Northern Ireland,Northern Ireland
BT45,Northern Ireland,Northern Ireland
BT46,Northern Ireland,Northern Ireland
BT47,Northern Ireland,Northern Ireland
BT48,Northern Ireland,Northern Ireland
BT49,Northern Ireland,Northern Ireland
BT5,Northern Ireland,Northern Ireland
BT51,Northern Ireland,Northern Ireland
BT52,Northern Ireland,Northern Ireland
BT53,Northern Ireland,Northern Ireland
BT54,Northern Ireland,Northern Ireland
BT55,Northern Ireland,Northern Ireland
BT56,Northern Ireland,Northern Ireland
BT57,Northern Ireland,Northern Ireland
BT6,Northern Ireland,Northern Ireland
BT60,Northern Ireland,Northern Ireland
BT61,Northern Ireland,Northern Ireland
BT62,Northern Ireland,Northern Ireland
BT63,Northern Ireland,Northern Ireland
BT64,Northern Ireland,Northern Ireland
BT65,Northern Ireland,Northern Ireland
BT66,Northern Ireland,Northern Ireland
BT67,Northern Ireland,Northern Ireland
BT68,Northern Ireland,Northern Ireland
BT69,Northern Ireland,Northern Ireland
BT7,Northern Ireland,Northern Ireland
BT70,Northern Ireland,Northern Ireland
BT71,Northern Ireland,Northern Ireland
BT74,Northern Ireland,Northern Ireland
BT75,Northern Ireland,Northern Ireland
BT76,Northern Ireland,Northern Ireland
BT77,Northern Ireland,Northern Ireland
BT78,Northern Ireland,Northern Ireland
BT79,Northern Ireland,Northern Ireland
BT8,Northern Ireland,Northern Ireland
BT80,Northern Ireland,Northern Ireland
BT81,Northern Ireland,Northern Ireland
BT82,Northern Ireland,Northern Ireland
BT9,Northern Ireland,Northern Ireland
BT92,Northern Ireland,Northern Ireland
BT93,Northern Ireland,Northern Ireland
BT94,Northern Ireland,Northern Ireland
CA1,North West,England
CA10,North West,England
CA11,North West,England
CA12,North West,England
CA13,North West,England
CA14,North West,England
CA15,North West,England
CA16,North West,England
CA17,North West,England
CA18,North West,England
CA19,North West,England
CA2,North West,England
CA20,North West,England
CA21,North West,England
CA22,North West,England
CA23,North West,England
CA24,North West,England
CA25,North West,England
CA26,North West,England
CA27,North West,England
CA28,North West,England
CA3,North West,England
CA4,North West,England
CA5,North West,England
CA6,North West,England
CA7,North West,England
CA8,North West,England
CA9,North West,England
CB1,East of England,England
CB10,East of England,England
CB11,East of England,England
CB2,East of England,England
CB21,East of England,England
CB22,East of England,England
CB23,East of England,England
CB24,East of England,England
CB25,East of England,England
CB3,East of England,England
CB4,East of England,England
CB5,East of England,England
CB6,East of England,England
CB7,East of England,England
CB8,East of England,England
CB9,East of England,England
CF10,Wales,Wales
CF11,Wales,Wales
CF14,Wales,Wales
CF15,Wales,Wales
CF23,Wales,Wales
CF24,Wales,Wales
CF3,Wales,Wales
CF31,Wales,Wales
CF32,Wales,Wales
CF33,Wales,Wales
CF34,Wales,Wales
CF35,Wales,Wales
CF36,Wales,Wales
CF37,Wales,Wales
CF38,Wales,Wales
CF39,Wales,Wales
CF40,Wales,Wales
CF41,Wales,Wales
CF42,Wales,Wales
CF43,Wales,Wales
CF44,Wales,Wales
CF45,Wales,Wales
CF46,Wales,Wales
CF47,Wales,Wales
CF48,Wales,Wales
CF5,Wales,Wales
CF61,Wales,Wales
CF62,Wales,Wales
CF63,Wales,Wales
CF64,Wales,Wales
CF71,Wales,Wales
CF72,Wales,Wales
CF81,Wales,Wales
CF82,Wales,Wales
CF83,Wales,Wales
CH1,North West,England
CH2,North West,England
CH3,North West,England
CH4,Wales,England
CH41,North West,England
CH42,North West,England
CH43,North West,England
CH44,North West,England
CH45,North West,England
CH46,North West,England
CH47,North West,England
CH48,North West,England
CH49,North West,England
CH5,Wales,England
CH6,Wales,England
CH60,North West,England
CH61,North West,England
CH62,North West,England
CH63,North West,England
CH64,North West,England
CH65,North West,England
CH66,North West,England
CH7,Wales,England
CH8,Wales,England
CM0,East of England,England
CM1,East of England,England
CM11,East of England,England
CM12,East of England,England
CM13,East of England,England
CM14,East of England,England
CM15,East of England,England
CM16,East of England,England
CM17,East of England,England
CM18,East of England,England
CM19,East of England,England
CM2,East of England,England
CM20,East of England,England
CM21,East of England,England
CM22,East of England,England
CM23,East of England,England
CM24,East of England,England
CM3,East of England,England
CM4,East of England,England
CM5,East of England,England
CM6,East of England,England
CM7,East of England,England
CM77,East of England,England
CM8,East of England,England
CM9,East of England,England
CO1,East of England,England
CO10,East of England,England
CO11,East of England,England
CO12,East of England,England
CO13,East of England,England
CO14,East of England,England
CO15,East of England,England
CO16,East of England,England
CO2,East of England,England
CO3,East of England,England
CO4,East of England,England
CO5,East of England,England
CO6,East of England,England
CO7,East of England,England
CO8,East of England,England
CO9,East of England,England
CR0,London,England
CR2,London,England
CR3,South East,England
CR4,London,England
CR5,London,England
CR6,South East,England
CR7,London,England
CR8,London,England
CR9,London,England
CT1,South East,England
CT10,South East,England
CT11,South East,England
CT12,South East,England
CT13,South East,England
CT14,South East,England
CT15,South East,England
CT16,South East,England
CT17,South East,England
CT18,South East,England
CT19,South East,England
CT2,South East,England
CT20,South East,England
CT21,South East,England
CT3,South East,England
CT4,South East,England
CT5,South East,England
CT6,South East,England
CT7,South East,England
CT8,South East,England
CT9,South East,England
CV1,West Midlands,England
CV10,West Midlands,England
CV11,West Midlands,England
CV12,West Midlands,England
CV13,East Midlands,England
CV2,West Midlands,England
CV21,West Midlands,England
CV22,West Midlands,England
CV23,West Midlands,England
CV3,West Midlands,England
CV31,West Midlands,England
CV32,West Midlands,England
CV33,West Midlands,England
CV34,West Midlands,England
CV35,West Midlands,England
CV36,West Midlands,England
CV37,West Midlands,England
CV4,West Midlands,England
CV47,West Midlands,England
CV5,West Midlands,England
CV6,West Midlands,England
CV7,West Midlands,England
CV8,West Midlands,England
CV9,West Midlands,England
CW1,North West,England
CW10,North West,England
CW11,North West,England
CW12,North West,England
CW2,North West,England
CW3,North West,England
CW4,North West,England
CW5,North West,England
CW6,North West,England
CW7,North West,England
CW8,North West,England
CW9,North West,England
DA1,South East,England
DA10,South East,England
DA11,South East,England
DA12,South East,England
DA13,South East,England
DA14,London,England
DA15,London,England
DA16,London,England
DA17,London,England
DA18,London,England
DA2,South East,England
DA3,South East,England
DA4,South East,England
DA5,London,England
DA6,London,England
DA7,London,England
DA8,London,England
DA9,South East,England
DD1,Scotland,Scotland
DD10,Scotland,Scotland
DD11,Scotland,Scotland
DD2,Scotland,Scotland
DD3,Scotland,Scotland
DD4,Scotland,Scotland
DD5,Scotland,Scotland
DD6,Scotland,Scotland
DD7,Scotland,Scotland
DD8,Scotland,Scotland
DD9,Scotland,Scotland
DE1,East Midlands,England
DE11,East Midlands,England
DE12,East Midlands,England
DE13,West Midlands,England
DE14,West Midlands,England
DE15,West Midlands,England
DE21,East Midlands,England
DE22,East Midlands,England
DE23,East Midlands,England
DE24,East Midlands,England
DE3,East Midlands,England
DE4,East Midlands,England
DE45,East Midlands,England
DE5,East Midlands,England
DE55,East Midlands,England
DE56,East Midlands,England
DE6,East Midlands,England
DE65,East Midlands,England
DE7,East Midlands,England
DE72,East Midlands,England
DE73,East Midlands,England
DE74,East Midlands,England
DE75,East Midlands,England
DG1,Scotland,Scotland
DG10,Scotland,Scotland
DG11,Scotland,Scotland
DG12,Scotland,Scotland
DG13,Scotland,Scotland
DG14,Scotland,Scotland
DG16,Scotland,Scotland
DG2,Scotland,Scotland
DG3,Scotland,Scotland
DG4,Scotland,Scotland
DG5,Scotland,Scotland
DG6,Scotland,Scotland
DG7,Scotland,Scotland
DG8,Scotland,Scotland
DG9,Scotland,Scotland
DH1,North East,England
DH2,North East,England
DH3,North East,England
DH4,North East,England
DH5,North East,England
DH6,North East,England
DH7,North East,England
DH8,North East,England
DH9,North East,England
DL1,North East,England
DL10,Yorkshire and the Humber,England
DL11,Yorkshire and the Humber,England
DL12,North East,England
DL13,North East,England
DL14,North East,England
DL15,North East,England
DL16,North East,England
DL17,North East,England
DL2,North East,England
DL3,North East,England
DL4,North East,England
DL5,North East,England
DL6,Yorkshire and the Humber,England
DL7,Yorkshire and the Humber,England
DL8,Yorkshire and the Humber,England
DL9,Yorkshire and the Humber,England
DN1,Yorkshire and the Humber,England
DN10,East Midlands,England
DN11,Yorkshire and the Humber,England
DN12,Yorkshire and the Humber,England
DN14,Yorkshire and the Humber,England
DN15,Yorkshire and the Humber,England
DN16,Yorkshire and the Humber,England
DN17,Yorkshire and the Humber,England
DN18,Yorkshire and the Humber,England
DN19,Yorkshire and the Humber,England
DN2,Yorkshire and the Humber,England
DN20,Yorkshire and the Humber,England
DN21,East Midlands,England
DN22,East Midlands,England
DN3,Yorkshire and the Humber,England
DN31,Yorkshire and the Humber,England
DN32,Yorkshire and the Humber,England
DN33,Yorkshire and the Humber,England
DN34,Yorkshire and the Humber,England
DN35,Yorkshire and the Humber,England
DN36,East Midlands,England
DN37,Yorkshire and the Humber,England
DN38,East Midlands,England
DN39,Yorkshire and the Humber,England
DN4,Yorkshire and the Humber,England
DN40,Yorkshire and the Humber,England
DN41,Yorkshire and the Humber,England
DN5,Yorkshire and the Humber,England
DN6,Yorkshire and the Humber,England
DN7,Yorkshire and the Humber,England
DN8,Yorkshire and the Humber,England
DN9,Yorkshire and the Humber,England
DT1,South West,England
DT10,South West,England
DT11,South West,England
DT2,South West,England
DT3,South West,England
DT4,South West,England
DT5,South West,England
DT6,South West,England
DT7,South West,England
DT8,South West,England
DT9,South West,England
DY1,West Midlands,England
DY10,West Midlands,England
DY11,West Midlands,England
DY12,West Midlands,England
DY13,West Midlands,England
DY14,West Midlands,England
DY2,West Midlands,England
DY3,West Midlands,England
DY4,West Midlands,England
DY5,West Midlands,England
DY6,West Midlands,England
DY7,West Midlands,England
DY8,West Midlands,England
DY9,West Midlands,England
E1,London,England
E10,London,England
E11,London,England
E12,London,England
E13,London,England
E14,London,England
E15,London,England
E16,London,England
E17,London,England
E18,London,England
E1W,London,England
E2,London,England
E3,London,England
E4,London,England
E5,London,England
E6,London,England
E7,London,England
E8,London,England
E9,London,England
EC1,London,England
EC1A,London,England
EC1M,London,England
EC1N,London,England
EC1R,London,England
EC1V,London,England
EC1Y,London,England
EC2,London,England
EC2A,London,England
EC2M,London,England
EC2N,London,England
EC2P,London,England
EC2R,London,England
EC2V,London,England
EC2Y,London,England
EC3,London,England
EC3A,London,England
EC3M,London,England
EC3N,London,England
EC3P,London,England
EC3R,London,England
EC3V,London,England
EC4,London,England
EC4A,London,England
EC4M,London,England
EC4N,London,England
EC4R,London,England
EC4V,London,England
EC4Y,London,England
EH1,Scotland,Scotland
EH10,Scotland,Scotland
EH11,Scotland,Scotland
EH12,Scotland,Scotland
EH13,Scotland,Scotland
EH14,Scotland,Scotland
EH15,Scotland,Scotland
EH16,Scotland,Scotland
EH17,Scotland,Scotland
EH18,Scotland,Scotland
EH19,Scotland,Scotland
EH2,Scotland,Scotland
EH20,Scotland,Scotland
EH21,Scotland,Scotland
EH22,Scotland,Scotland
EH23,Scotland,Scotland
EH24,Scotland,Scotland
EH25,Scotland,Scotland
EH26,Scotland,Scotland
EH27,Scotland,Scotland
EH28,Scotland,Scotland
EH29,Scotland,Scotland
EH3,Scotland,Scotland
EH30,Scotland,Scotland
EH31,Scotland,Scotland
EH32,Scotland,Scotland
EH33,Scotland,Scotland
EH34,Scotland,Scotland
EH35,Scotland,Scotland
EH36,Scotland,Scotland
EH37,Scotland,Scotland
EH38,Scotland,Scotland
EH39,Scotland,Scotland
EH4,Scotland,Scotland
EH40,Scotland,Scotland
EH41,Scotland,Scotland
EH42,Scotland,Scotland
EH43,Scotland,Scotland
EH44,Scotland,Scotland
EH45,Scotland,Scotland
EH46,Scotland,Scotland
EH47,Scotland,Scotland
EH48,Scotland,Scotland
EH49,Scotland,Scotland
EH5,Scotland,Scotland
EH51,Scotland,Scotland
EH52,Scotland,Scotland
EH53,Scotland,Scotland
EH54,Scotland,Scotland
EH55,Scotland,Scotland
EH6,Scotland,Scotland
EH7,Scotland,Scotland
EH8,Scotland,Scotland
EH9,Scotland,Scotland
EN1,London,England
EN10,East of England,England
EN11,East of England,England
EN2,London,England
EN3,London,England
EN4,London,England
EN5,London,England
EN6,East of England,England
EN7,East of England,England
EN8,East of England,England
EN9,East of England,England
EX1,South West,England
EX10,South West,England
EX11,South West,England
EX12,South West,England
EX13,South West,England
EX14,South West,England
EX15,South West,England
EX16,South West,England
EX17,South West,England
EX18,South West,England
EX19,South West,England
EX2,South West,England
EX20,South West,England
EX21,South West,England
EX22,South West,England
EX23,South West,England
EX24,South West,England
EX3,South West,England
EX31,South West,England
EX32,South West,England
EX33,South West,England
EX34,South West,England
EX35,South West,England
EX36,South West,England
EX37,South West,England
EX38,South West,England
EX39,South West,England
EX4,South West,England
EX5,South West,England
EX6,South West,England
EX7,South West,England
EX8,South West,England
EX9,South West,England
FK1,Scotland,Scotland
FK10,Scotland,Scotland
FK11,Scotland,Scotland
FK12,Scotland,Scotland
FK13,Scotland,Scotland
FK14,Scotland,Scotland
FK15,Scotland,Scotland
FK16,Scotland,Scotland
FK17,Scotland,Scotland
FK18,Scotland,Scotland
FK19,Scotland,Scotland
FK2,Scotland,Scotland
FK20,Scotland,Scotland
FK21,Scotland,Scotland
FK3,Scotland,Scotland
FK4,Scotland,Scotland
FK5,Scotland,Scotland
FK6,Scotland,Scotland
FK7,Scotland,Scotland
FK8,Scotland,Scotland
FK9,Scotland,Scotland
FY1,North West,England
FY2,North West,England
FY3,North West,England
FY4,North West,England
FY5,North West,England
FY6,North West,England
FY7,North West,England
FY8,North West,England
G1,Scotland,Scotland
G11,Scotland,Scotland
G12,Scotland,Scotland
G13,Scotland,Scotland
G14,Scotland,Scotland
G15,Scotland,Scotland
G2,Scotland,Scotland
G20,Scotland,Scotland
G21,Scotland,Scotland
G22,Scotland,Scotland
G23,Scotland,Scotland
G3,Scotland,Scotland
G31,Scotland,Scotland
G32,Scotland,Scotland
G33,Scotland,Scotland
G34,Scotland,Scotland
G4,Scotland,Scotland
G40,Scotland,Scotland
G41,Scotland,Scotland
G42,Scotland,Scotland
G43,Scotland,Scotland
G44,Scotland,Scotland
G45,Scotland,Scotland
G46,Scotland,Scotland
G5,Scotland,Scotland
G51,Scotland,Scotland
G52,Scotland,Scotland
G53,Scotland,Scotland
G60,Scotland,Scotland
G61,Scotland,Scotland
G62,Scotland,Scotland
G63,Scotland,Scotland
G64,Scotland,Scotland
G65,Scotland,Scotland
G66,Scotland,Scotland
G67,Scotland,Scotland
G68,Scotland,Scotland
G69,Scotland,Scotland
G71,Scotland,Scotland
G72,Scotland,Scotland
G73,Scotland,Scotland
G74,Scotland,Scotland
G76,Scotland,Scotland
G77,Scotland,Scotland
G78,Scotland,Scotland
G81,Scotland,Scotland
G82,Scotland,Scotland
G83,Scotland,Scotland
G84,Scotland,Scotland
GL1,South West,England
GL10,South West,England
GL11,South West,England
GL12,South West,England
GL13,South West,England
GL14,South West,England
GL15,South West,England
GL16,South West,England
GL17,South West,England
GL18,South West,England
GL19,South West,England
GL2,South West,England
GL20,South West,England
GL3,South West,England
GL4,South West,England
GL5,South West,England
GL50,South West,England
GL51,South West,England
GL52,South West,England
GL53,South West,England
GL54,South West,England
GL55,South West,England
GL56,South West,England
GL6,South West,England
GL7,South West,England
GL8,South West,England
GL9,South West,England
GU1,South East,England
GU10,South East,England
GU11,South East,England
GU12,South East,England
GU13,South East,England
GU14,South East,England
GU15,South East,England
GU16,South East,England
GU17,South East,England
GU18,South East,England
GU19,South East,England
GU2,South East,England
GU20,South East,England
GU21,South East,England
GU22,South East,England
GU23,South East,England
GU24,South East,England
GU25,South East,England
GU26,South East,England
GU27,South East,England
GU28,South East,England
GU29,South East,England
GU3,South East,England
GU30,South East,England
GU31,South East,England
GU32,South East,England
GU33,South East,England
GU34,South East,England
GU35,South East,England
GU4,South East,England
GU46,South East,England
GU47,South East,England
GU5,South East,England
GU51,South East,England
GU52,South East,England
GU6,South East,England
GU7,South East,England
GU8,South East,England
GU9,South East,England
GY1,Guernsey,Guernsey
GY2,Guernsey,Guernsey
GY3,Guernsey,Guernsey
GY4,Guernsey,Guernsey
GY5,Guernsey,Guernsey
GY6,Guernsey,Guernsey
GY7,Guernsey,Guernsey
GY8,Guernsey,Guernsey
GY9,Guernsey,Guernsey
HA0,London,England
HA1,London,England
HA2,London,England
HA3,London,England
HA4,London,England
HA5,London,England
HA6,London,England
HA7,London,England
HA8,London,England
HA9,London,England
HD1,Yorkshire and the Humber,England
HD2,Yorkshire and the Humber,England
HD3,Yorkshire and the Humber,England
HD4,Yorkshire and the Humber,England
HD5,Yorkshire and the Humber,England
HD6,Yorkshire and the Humber,England
HD7,Yorkshire and the Humber,England
HD8,Yorkshire and the Humber,England
HD9,Yorkshire and the Humber,England
HG1,Yorkshire and the Humber,England
HG2,Yorkshire and the Humber,England
HG3,Yorkshire and the Humber,England
HG4,Yorkshire and the Humber,England
HG5,Yorkshire and the Humber,England
HP1,East of England,England
HP10,South East,England
HP11,South East,England
HP12,South East,England
HP13,South East,England
HP14,South East,England
HP15,South East,England
HP16,South East,England
HP17,South East,England
HP18,South East,England
HP19,South East,England
HP2,East of England,England
HP20,South East,England
HP21,South East,England
HP22,South East,England
HP23,East of England,England
HP27,South East,England
HP3,East of England,England
HP4,East of England,England
HP5,South East,England
HP6,South East,England
HP7,South East,England
HP8,South East,England
HP9,South East,England
HR1,West Midlands,England
HR2,West Midlands,England
HR3,West Midlands,England
HR4,West Midlands,England
HR5,West Midlands,England
HR6,West Midlands,England
HR7,West Midlands,England
HR8,West Midlands,England
HR9,West Midlands,England
HS1,Scotland,Scotland
HS2,Scotland,Scotland
HS3,Scotland,Scotland
HS4,Scotland,Scotland
HS5,Scotland,Scotland
HS6,Scotland,Scotland
HS7,Scotland,Scotland
HS8,Scotland,Scotland
HS9,Scotland,Scotland
HU1,Yorkshire and the Humber,England
HU10,Yorkshire and the Humber,England
HU11,Yorkshire and the Humber,England
HU12,Yorkshire and the Humber,England
HU13,Yorkshire and the Humber,England
HU14,Yorkshire and the Humber,England
HU15,Yorkshire and the Humber,England
HU16,Yorkshire and the Humber,England
HU17,Yorkshire and the Humber,England
HU18,Yorkshire and the Humber,England
HU19,Yorkshire and the Humber,England
HU2,Yorkshire and the Humber,England
HU20,Yorkshire and the Humber,England
HU3,Yorkshire and the Humber,England
HU4,Yorkshire and the Humber,England
HU5,Yorkshire and the Humber,England
HU6,Yorkshire and the Humber,England
HU7,Yorkshire and the Humber,England
HU8,Yorkshire and the Humber,England
HU9,Yorkshire and the Humber,England
HX1,Yorkshire and the Humber,England
HX2,Yorkshire and the Humber,England
HX3,Yorkshire and the Humber,England
HX4,Yorkshire and the Humber,England
HX5,Yorkshire and the Humber,England
HX6,Yorkshire and the Humber,England
HX7,Yorkshire and the Humber,England
IG1,London,England
IG10,East of England,England
IG11,London,England
IG2,London,England
IG3,London,England
IG4,London,England
IG5,London,England
IG6,London,England
IG7,East of England,England
IG8,London,England
IG9,East of England,England
IM1,Isle of Man,Isle of Man
IM2,Isle of Man,Isle of Man
IM3,Isle of Man,Isle of Man
IM4,Isle of Man,Isle of Man
IM5,Isle of Man,Isle of Man
IM6,Isle of Man,Isle of Man
IM7,Isle of Man,Isle of Man
IM8,Isle of Man,Isle of Man
IM9,Isle of Man,Isle of Man
IP1,East of England,England
IP10,East of England,England
IP11,East of England,England
IP12,East of England,England
IP13,East of England,England
IP14,East of England,England
IP15,East of England,England
IP16,East of England,England
IP17,East of England,England
IP18,East of England,England
IP19,East of England,England
IP2,East of England,England
IP20,East of England,England
IP21,East of England,England
IP22,East of England,England
IP23,East of England,England
IP24,East of England,England
IP25,East of England,England
IP26,East of England,England
IP27,East of England,England
IP28,East of England,England
IP29,East of England,England
IP3,East of England,England
IP30,East of England,England
IP31,East of England,England
IP32,East of England,England
IP33,East of England,England
IP4,East of England,England
IP5,East of England,England
IP6,East of England,England
IP7,East of England,England
IP8,East of England,England
IP9,East of England,England
IV1,Scotland,Scotland
IV10,Scotland,Scotland
IV11,Scotland,Scotland
IV12,Scotland,Scotland
IV13,Scotland,Scotland
IV14,Scotland,Scotland
IV15,Scotland,Scotland
IV16,Scotland,Scotland
IV17,Scotland,Scotland
IV18,Scotland,Scotland
IV19,Scotland,Scotland
IV2,Scotland,Scotland
IV20,Scotland,Scotland
IV21,Scotland,Scotland
IV22,Scotland,Scotland
IV23,Scotland,Scotland
IV24,Scotland,Scotland
IV25,Scotland,Scotland
IV26,Scotland,Scotland
IV27,Scotland,Scotland
IV28,Scotland,Scotland
IV3,Scotland,Scotland
IV30,Scotland,Scotland
IV31,Scotland,Scotland
IV32,Scotland,Scotland
IV36,Scotland,Scotland
IV4,Scotland,Scotland
IV40,Scotland,Scotland
IV41,Scotland,Scotland
IV42,Scotland,Scotland
IV43,Scotland,Scotland
IV44,Scotland,Scotland
IV45,Scotland,Scotland
IV46,Scotland,Scotland
IV47,Scotland,Scotland
IV48,Scotland,Scotland
IV49,Scotland,Scotland
IV5,Scotland,Scotland
IV51,Scotland,Scotland
IV52,Scotland,Scotland
IV53,Scotland,Scotland
IV54,Scotland,Scotland
IV55,Scotland,Scotland
IV56,Scotland,Scotland
IV6,Scotland,Scotland
IV63,Scotland,Scotland
IV7,Scotland,Scotland
IV8,Scotland,Scotland
IV9,Scotland,Scotland
JE1,Jersey,Jersey
JE2,Jersey,Jersey
JE3,Jersey,Jersey
JE4,Jersey,Jersey
KA1,Scotland,Scotland
KA10,Scotland,Scotland
KA11,Scotland,Scotland
KA12,Scotland,Scotland
KA13,Scotland,Scotland
KA14,Scotland,Scotland
KA15,Scotland,Scotland
KA16,Scotland,Scotland
KA17,Scotland,Scotland
KA18,Scotland,Scotland
KA19,Scotland,Scotland
KA2,Scotland,Scotland
KA20,Scotland,Scotland
KA21,Scotland,Scotland
KA22,Scotland,Scotland
KA23,Scotland,Scotland
KA24,Scotland,Scotland
KA25,Scotland,Scotland
KA26,Scotland,Scotland
KA27,Scotland,Scotland
KA28,Scotland,Scotland
KA29,Scotland,Scotland
KA3,Scotland,Scotland
KA30,Scotland,Scotland
KA4,Scotland,Scotland
KA5,Scotland,Scotland
KA6,Scotland,Scotland
KA7,Scotland,Scotland
KA8,Scotland,Scotland
KA9,Scotland,Scotland
KT1,London,England
KT10,South East,England
KT11,South East,England
KT12,South East,England
KT13,South East,England
KT14,South East,England
KT15,South East,England
KT16,South East,England
KT17,South East,England
KT18,South East,England
KT19,South East,England
KT2,London,England
KT20,South East,England
KT21,South East,England
KT22,South East,England
KT23,South East,England
KT24,South East,England
KT3,London,England
KT4,London,England
KT5,London,England
KT6,London,England
KT7,South East,England
KT8,South East,England
KT9,London,England
KW1,Scotland,Scotland
KW10,Scotland,Scotland
KW11,Scotland,Scotland
KW12,Scotland,Scotland
KW13,Scotland,Scotland
KW14,Scotland,Scotland
KW15,Scotland,Scotland
KW16,Scotland,Scotland
KW17,Scotland,Scotland
KW2,Scotland,Scotland
KW3,Scotland,Scotland
KW5,Scotland,Scotland
KW6,Scotland,Scotland
KW7,Scotland,Scotland
KW8,Scotland,Scotland
KW9,Scotland,Scotland
KY1,Scotland,Scotland
KY10,Scotland,Scotland
KY11,Scotland,Scotland
KY12,Scotland,Scotland
KY13,Scotland,Scotland
KY14,Scotland,Scotland
KY15,Scotland,Scotland
KY16,Scotland,Scotland
KY2,Scotland,Scotland
KY3,Scotland,Scotland
KY4,Scotland,Scotland
KY5,Scotland,Scotland
KY6,Scotland,Scotland
KY7,Scotland,Scotland
KY8,Scotland,Scotland
KY9,Scotland,Scotland
L1,North West,England
L10,North West,England
L11,North West,England
L12,North West,England
L13,North West,England
L14,North West,England
L15,North West,England
L16,North West,England
L17,North West,England
L18,North West,England
L19,North West,England
L2,North West,England
L20,North West,England
L21,North West,England
L22,North West,England
L23,North West,England
L24,North West,England
L25,North West,England
L26,North West,England
L27,North West,England
L28,North West,England
L29,North West,England
L3,North West,England
L30,North West,England
L31,North West,England
L32,North West,England
L33,North West,England
L34,North West,England
L35,North West,England
L36,North West,England
L37,North West,England
L38,North West,England
L39,North West,England
L4,North West,England
L40,North West,England
L5,North West,England
L6,North West,England
L69,North West,England
L7,North West,England
L70,North West,England
L8,North West,England
L9,North West,England
LA1,North West,England
LA10,North West,England
LA11,North West,England
LA12,North West,England
LA13,North West,England
LA14,North West,England
LA15,North West,England
LA16,North West,England
LA17,North West,England
LA18,North West,England
LA19,North West,England
LA2,North West,England
LA20,North West,England
LA21,North West,England
LA22,North West,England
LA23,North West,England
LA3,North West,England
LA4,North West,England
LA5,North West,England
LA6,North West,England
LA7,North West,England
LA8,North West,England
LA9,North West,England
LD1,Wales,Wales
LD2,Wales,Wales
LD3,Wales,Wales
LD4,Wales,Wales
LD5,Wales,Wales
LD6,Wales,Wales
LD7,Wales,Wales
LD8,Wales,Wales
LE1,East Midlands,England
LE10,East Midlands,England
LE11,East Midlands,England
LE12,East Midlands,England
LE13,East Midlands,England
LE14,East Midlands,England
LE15,East Midlands,England
LE16,East Midlands,England
LE17,East Midlands,England
LE18,East Midlands,England
LE19,East Midlands,England
LE2,East Midlands,England
LE3,East Midlands,England
LE4,East Midlands,England
LE5,East Midlands,England
LE6,East Midlands,England
LE65,East Midlands,England
LE67,East Midlands,England
LE7,East Midlands,England
LE8,East Midlands,England
LE9,East Midlands,England
LL11,Wales,Wales
LL12,Wales,Wales
LL13,Wales,Wales
LL14,Wales,Wales
LL15,Wales,Wales
LL16,Wales,Wales
LL17,Wales,Wales
LL18,Wales,Wales
LL19,Wales,Wales
LL20,Wales,Wales
LL21,Wales,Wales
LL22,Wales,Wales
LL23,Wales,Wales
LL24,Wales,Wales
LL25,Wales,Wales
LL26,Wales,Wales
LL27,Wales,Wales
LL28,Wales,Wales
LL29,Wales,Wales
LL30,Wales,Wales
LL31,Wales,Wales
LL32,Wales,Wales
LL33,Wales,Wales
LL34,Wales,Wales
LL35,Wales,Wales
LL36,Wales,Wales
LL37,Wales,Wales
LL38,Wales,Wales
LL39,Wales,Wales
LL40,Wales,Wales
LL41,Wales,Wales
LL42,Wales,Wales
LL43,Wales,Wales
LL44,Wales,Wales
LL45,Wales,Wales
LL46,Wales,Wales
LL47,Wales,Wales
LL48,Wales,Wales
LL49,Wales,Wales
LL51,Wales,Wales
LL52,Wales,Wales
LL53,Wales,Wales
LL54,Wales,Wales
LL55,Wales,Wales
LL56,Wales,Wales
LL57,Wales,Wales
LL58,Wales,Wales
LL59,Wales,Wales
LL60,Wales,Wales
LL61,Wales,Wales
LL62,Wales,Wales
LL63,Wales,Wales
LL64,Wales,Wales
LL65,Wales,Wales
LL66,Wales,Wales
LL67,Wales,Wales
LL68,Wales,Wales
LL69,Wales,Wales
LL70,Wales,Wales
LL71,Wales,Wales
LL72,Wales,Wales
LL73,Wales,Wales
LL74,Wales,Wales
LL75,Wales,Wales
LL76,Wales,Wales
LL77,Wales,Wales
LL78,Wales,Wales
LN1,East Midlands,England
LN10,East Midlands,England
LN11,East Midlands,England
LN12,East Midlands,England
LN13,East Midlands,England
LN2,East Midlands,England
LN3,East Midlands,England
LN4,East Midlands,England
LN5,East Midlands,England
LN6,East Midlands,England
LN7,East Midlands,England
LN8,East Midlands,England
LN9,East Midlands,England
LS1,Yorkshire and the Humber,England
LS10,Yorkshire and the Humber,England
LS11,Yorkshire and the Humber,England
LS12,Yorkshire and the Humber,England
LS13,Yorkshire and the Humber,England
LS14,Yorkshire and the Humber,England
LS15,Yorkshire and the Humber,England
LS16,Yorkshire and the Humber,England
LS17,Yorkshire and the Humber,England
LS18,Yorkshire and the Humber,England
LS19,Yorkshire and the Humber,England
LS2,Yorkshire and the Humber,England
LS20,Yorkshire and the Humber,England
LS21,Yorkshire and the Humber,England
LS22,Yorkshire and the Humber,England
LS23,Yorkshire and the Humber,England
LS24,Yorkshire and the Humber,England
LS25,Yorkshire and the Humber,England
LS26,Yorkshire and the Humber,England
LS27,Yorkshire and the Humber,England
LS28,Yorkshire and the Humber,England
LS29,Yorkshire and the Humber,England
LS3,Yorkshire and the Humber,England
LS4,Yorkshire and the Humber,England
LS5,Yorkshire and the Humber,England
LS6,Yorkshire and the Humber,England
LS7,Yorkshire and the Humber,England
LS8,Yorkshire and the Humber,England
LS9,Yorkshire and the Humber,England
LU1,East of England,England
LU2,East of England,England
LU3,East of England,England
LU4,East of England,England
LU5,East of England,England
LU6,East of England,England
LU7,East of England,England
M1,North West,England
M11,North West,England
M12,North West,England
M13,North West,England
M14,North West,England
M15,North West,England
M16,North West,England
M17,North West,England
M18,North West,England
M19,North West,England
M2,North West,England
M20,North West,England
M21,North West,England
M22,North West,England
M23,North West,England
M24,North West,England
M25,North West,England
M26,North West,England
M27,North West,England
M28,North West,England
M29,North West,England
M3,North West,England
M30,North West,England
M31,North West,England
M32,North West,England
M33,North West,England
M34,North West,England
M35,North West,England
M38,North West,England
M4,North West,England
M40,North West,England
M41,North West,England
M43,North West,England
M44,North West,England
M45,North West,England
M46,North West,England
M5,North West,England
M6,North West,England
M60,North West,England
M7,North West,England
M8,North West,England
M9,North West,England
M90,North West,England
ME1,South East,England
ME10,South East,England
ME11,South East,England
ME12,South East,England
ME13,South East,England
ME14,South East,England
ME15,South East,England
ME16,South East,England
ME17,South East,England
ME18,South East,England
ME19,South East,England
ME2,South East,England
ME20,South East,England
ME3,South East,England
ME4,South East,England
ME5,South East,England
ME6,South East,England
ME7,South East,England
ME8,South East,England
ME9,South East,England
MK1,South East,England
MK10,South East,England
MK11,South East,England
MK12,South East,England
MK13,South East,England
MK14,South East,England
MK15,South East,England
MK16,South East,England
MK17,South East,England
MK18,South East,England
MK19,East Midlands,England
MK2,South East,England
MK3,South East,England
MK4,South East,England
MK40,East of England,England
MK41,East of England,England
MK42,East of England,England
MK43,East of England,England
MK44,East of England,England
MK45,East of England,England
MK46,South East,England
MK5,South East,England
MK6,South East,England
MK7,South East,England
MK8,South East,England
MK9,South East,England
ML1,Scotland,Scotland
ML10,Scotland,Scotland
ML11,Scotland,Scotland
ML12,Scotland,Scotland
ML2,Scotland,Scotland
ML3,Scotland,Scotland
ML4,Scotland,Scotland
ML5,Scotland,Scotland
ML6,Scotland,Scotland
ML7,Scotland,Scotland
ML8,Scotland,Scotland
ML9,Scotland,Scotland
N1,London,England
N10,London,England
N11,London,England
N12,London,England
N13,London,England
N14,London,England
N15,London,England
N16,London,England
N17,London,England
N18,London,England
N19,London,England
N2,London,England
N20,London,England
N21,London,England
N22,London,England
N3,London,England
N4,London,England
N5,London,England
N6,London,England
N7,London,England
N8,London,England
N9,London,England
NE1,North East,England
NE10,North East,England
NE11,North East,England
NE12,North East,England
NE13,North East,England
NE15,North East,England
NE16,North East,England
NE17,North East,England
NE18,North East,England
NE19,North East,England
NE2,North East,England
NE20,North East,England
NE21,North East,England
NE22,North East,England
NE23,North East,England
NE24,North East,England
NE25,North East,England
NE26,North East,England
NE27,North East,England
NE28,North East,England
NE29,North East,England
NE3,North East,England
NE30,North East,England
NE31,North East,England
NE32,North East,England
NE33,North East,England
NE34,North East,England
NE35,North East,England
NE36,North East,England
NE37,North East,England
NE38,North East,England
NE39,North East,England
NE4,North East,England
NE40,North East,England
NE41,North East,England
NE42,North East,England
NE43,North East,England
NE44,North East,England
NE45,North East,England
NE46,North East,England
NE47,North East,England
NE48,North East,England
NE49,North East,England
NE5,North East,England
NE6,North East,England
NE61,North East,England
NE62,North East,England
NE63,North East,England
NE64,North East,England
NE65,North East,England
NE66,North East,England
NE67,North East,England
NE68,North East,England
NE69,North East,England
NE7,North East,England
NE70,North East,England
NE71,North East,England
NE8,North East,England
NE9,North East,England
NE99,North East,England
NG1,East Midlands,England
NG10,East Midlands,England
NG11,East Midlands,England
NG12,East Midlands,England
NG13,East Midlands,England
NG14,East Midlands,England
NG15,East Midlands,England
NG16,East Midlands,England
NG17,East Midlands,England
NG18,East Midlands,England
NG19,East Midlands,England
NG2,East Midlands,England
NG20,East Midlands,England
NG21,East Midlands,England
NG22,East Midlands,England
NG23,East Midlands,England
NG24,East Midlands,England
NG25,East Midlands,England
NG3,East Midlands,England
NG31,East Midlands,England
NG32,East Midlands,England
NG33,East Midlands,England
NG34,East Midlands,England
NG4,East Midlands,England
NG5,East Midlands,England
NG6,East Midlands,England
NG7,East Midlands,England
NG8,East Midlands,England
NG9,East Midlands,England
NN1,East Midlands,England
NN10,East Midlands,England
NN11,East Midlands,England
NN12,East Midlands,England
NN13,East Midlands,England
NN14,East Midlands,England
NN15,East Midlands,England
NN16,East Midlands,England
NN17,East Midlands,England
NN18,East Midlands,England
NN2,East Midlands,England
NN29,East Midlands,England
NN3,East Midlands,England
NN4,East Midlands,England
NN5,East Midlands,England
NN6,East Midlands,England
NN7,East Midlands,England
NN8,East Midlands,England
NN9,East Midlands,England
NP10,Wales,Wales
NP11,Wales,Wales
NP12,Wales,Wales
NP13,Wales,Wales
NP15,Wales,Wales
NP16,Wales,Wales
NP18,Wales,Wales
NP19,Wales,Wales
NP20,Wales,Wales
NP22,Wales,Wales
NP23,Wales,Wales
NP24,Wales,Wales
NP25,Wales,Wales
NP26,Wales,Wales
NP4,Wales,Wales
NP44,Wales,Wales
NP7,Wales,Wales
NP8,Wales,Wales
NR1,East of England,England
NR10,East of England,England
NR11,East of England,England
NR12,East of England,England
NR13,East of England,England
NR14,East of England,England
NR15,East of England,England
NR16,East of England,England
NR17,East of England,England
NR18,East of England,England
NR19,East of England,England
NR2,East of England,England
NR20,East of England,England
NR21,East of England,England
NR22,East of England,England
NR23,East of England,England
NR24,East of England,England
NR25,East of England,England
NR26,East of England,England
NR27,East of England,England
NR28,East of England,England
NR29,East of England,England
NR3,East of England,England
NR30,East of England,England
NR31,East of England,England
NR32,East of England,England
NR33,East of England,England
NR34,East of England,England
NR35,East of England,England
NR4,East of England,England
NR5,East of England,England
NR6,East of England,England
NR7,East of England,England
NR8,East of England,England
NR9,East of England,England
NW1,London,England
NW10,London,England
NW11,London,England
NW2,London,England
NW3,London,England
NW4,London,England
NW5,London,England
NW6,London,England
NW7,London,England
NW8,London,England
NW9,London,England
OL1,North West,England
OL10,North West,England
OL11,North West,England
OL12,North West,England
OL13,North West,England
OL14,Yorkshire and the Humber,England
OL15,North West,England
OL16,North West,England
OL2,North West,England
OL3,North West,England
OL4,North West,England
OL5,North West,England
OL6,North West,England
OL7,North West,England
OL8,North West,England
OL9,North West,England
OX1,South East,England
OX10,South East,England
OX11,South East,England
OX12,South East,England
OX13,South East,England
OX14,South East,England
OX15,South East,England
OX16,South East,England
OX17,East Midlands,England
OX18,South East,England
OX2,South East,England
OX20,South East,England
OX25,South East,England
OX26,South East,England
OX27,South East,England
OX28,South East,England
OX29,South East,England
OX3,South East,England
OX33,South East,England
OX39,South East,England
OX4,South East,England
OX44,South East,England
OX49,South East,England
OX5,South East,England
OX6,South East,England
OX7,South East,England
OX8,South East,England
OX9,South East,England
PA1,Scotland,Scotland
PA10,Scotland,Scotland
PA11,Scotland,Scotland
PA12,Scotland,Scotland
PA13,Scotland,Scotland
PA14,Scotland,Scotland
PA15,Scotland,Scotland
PA16,Scotland,Scotland
PA17,Scotland,Scotland
PA18,Scotland,Scotland
PA19,Scotland,Scotland
PA2,Scotland,Scotland
PA20,Scotland,Scotland
PA21,Scotland,Scotland
PA22,Scotland,Scotland
PA23,Scotland,Scotland
PA24,Scotland,Scotland
PA25,Scotland,Scotland
PA26,Scotland,Scotland
PA27,Scotland,Scotland
PA28,Scotland,Scotland
PA29,Scotland,Scotland
PA3,Scotland,Scotland
PA30,Scotland,Scotland
PA31,Scotland,Scotland
PA32,Scotland,Scotland
PA33,Scotland,Scotland
PA34,Scotland,Scotland
PA35,Scotland,Scotland
PA36,Scotland,Scotland
PA37,Scotland,Scotland
PA38,Scotland,Scotland
PA4,Scotland,Scotland
PA41,Scotland,Scotland
PA42,Scotland,Scotland
PA43,Scotland,Scotland
PA44,Scotland,Scotland
PA45,Scotland,Scotland
PA46,Scotland,Scotland
PA47,Scotland,Scotland
PA48,Scotland,Scotland
PA49,Scotland,Scotland
PA5,Scotland,Scotland
PA6,Scotland,Scotland
PA60,Scotland,Scotland
PA61,Scotland,Scotland
PA62,Scotland,Scotland
PA63,Scotland,Scotland
PA64,Scotland,Scotland
PA65,Scotland,Scotland
PA66,Scotland,Scotland
PA67,Scotland,Scotland
PA68,Scotland,Scotland
PA69,Scotland,Scotland
PA7,Scotland,Scotland
PA70,Scotland,Scotland
PA71,Scotland,Scotland
PA72,Scotland,Scotland
PA73,Scotland,Scotland
PA74,Scotland,Scotland
PA75,Scotland,Scotland
PA76,Scotland,Scotland
PA77,Scotland,Scotland
PA78,Scotland,Scotland
PA8,Scotland,Scotland
PA9,Scotland,Scotland
PE1,East of England,England
PE10,East Midlands,England
PE11,East Midlands,England
PE12,East Midlands,England
PE13,East of England,England
PE14,East of England,England
PE15,East of England,England
PE16,East of England,England
PE19,East of England,England
PE2,East of England,England
PE20,East Midlands,England
PE21,East Midlands,England
PE22,East Midlands,England
PE23,East Midlands,England
PE24,East Midlands,England
PE25,East Midlands,England
PE26,East of England,England
PE27,East of England,England
PE28,East of England,England
PE29,East of England,England
PE3,East of England,England
PE30,East of England,England
PE31,East of England,England
PE32,East of England,England
PE33,East of England,England
PE34,East of England,England
PE35,East of England,England
PE36,East of England,England
PE37,East of England,England
PE38,East of England,England
PE4,East of England,England
PE5,East of England,England
PE6,East Midlands,England
PE7,East of England,England
PE8,East Midlands,England
PE9,East Midlands,England
PH1,Scotland,Scotland
PH10,Scotland,Scotland
PH11,Scotland,Scotland
PH12,Scotland,Scotland
PH13,Scotland,Scotland
PH14,Scotland,Scotland
PH15,Scotland,Scotland
PH16,Scotland,Scotland
PH17,Scotland,Scotland
PH18,Scotland,Scotland
PH19,Scotland,Scotland
PH2,Scotland,Scotland
PH20,Scotland,Scotland
PH21,Scotland,Scotland
PH22,Scotland,Scotland
PH23,Scotland,Scotland
PH24,Scotland,Scotland
PH25,Scotland,Scotland
PH26,Scotland,Scotland
PH3,Scotland,Scotland
PH30,Scotland,Scotland
PH31,Scotland,Scotland
PH32,Scotland,Scotland
PH33,Scotland,Scotland
PH34,Scotland,Scotland
PH35,Scotland,Scotland
PH36,Scotland,Scotland
PH38,Scotland,Scotland
PH39,Scotland,Scotland
PH4,Scotland,Scotland
PH40,Scotland,Scotland
PH41,Scotland,Scotland
PH42,Scotland,Scotland
PH43,Scotland,Scotland
PH44,Scotland,Scotland
PH49,Scotland,Scotland
PH5,Scotland,Scotland
PH50,Scotland,Scotland
PH6,Scotland,Scotland
PH7,Scotland,Scotland
PH8,Scotland,Scotland
PH9,Scotland,Scotland
PL1,South West,England
PL10,South West,England
PL11,South West,England
PL12,South West,England
PL13,South West,England
PL14,South West,England
PL15,South West,England
PL16,South West,England
PL17,South West,England
PL18,South West,England
PL19,South West,England
PL2,South West,England
PL20,South West,England
PL21,South West,England
PL22,South West,England
PL23,South West,England
PL24,South West,England
PL25,South West,England
PL26,South West,England
PL27,South West,England
PL28,South West,England
PL29,South West,England
PL3,South West,England
PL30,South West,England
PL31,South West,England
PL32,South West,England
PL33,South West,England
PL34,South West,England
PL35,South West,England
PL4,South West,England
PL5,South West,England
PL6,South West,England
PL7,South West,England
PL8,South West,England
PL9,South West,England
PO1,South East,England
PO10,South East,England
PO11,South East,England
PO12,South East,England
PO13,South East,England
PO14,South East,England
PO15,South East,England
PO16,South East,England
PO17,South East,England
PO18,South East,England
PO19,South East,England
PO2,South East,England
PO20,South East,England
PO21,South East,England
PO22,South East,England
PO3,South East,England
PO30,South East,England
PO31,South East,England
PO32,South East,England
PO33,South East,England
PO34,South East,England
PO35,South East,England
PO36,South East,England
PO37,South East,England
PO38,South East,England
PO39,South East,England
PO4,South East,England
PO40,South East,England
PO41,South East,England
PO5,South East,England
PO6,South East,England
PO7,South East,England
PO8,South East,England
PO9,South East,England
PR1,North West,England
PR2,North West,England
PR25,North West,England
PR26,North West,England
PR3,North West,England
PR4,North West,England
PR5,North West,England
PR6,North West,England
PR7,North West,England
PR8,North West,England
PR9,North West,England
RG1,South East,England
RG10,South East,England
RG12,South East,England
RG14,South East,England
RG17,South East,England
RG18,South East,England
RG19,South East,England
RG2,South East,England
RG20,South East,England
RG21,South East,England
RG22,South East,England
RG23,South East,England
RG24,South East,England
RG25,South East,England
RG26,South East,England
RG27,South East,England
RG28,South East,England
RG29,South East,England
RG30,South East,England
RG31,South East,England
RG4,South East,England
RG40,South East,England
RG41,South East,England
RG42,South East,England
RG45,South East,England
RG5,South East,England
RG6,South East,England
RG7,South East,England
RG8,South East,England
RG9,South East,England
RH1,South East,England
RH10,South East,England
RH11,South East,England
RH12,South East,England
RH13,South East,England
RH14,South East,England
RH15,South East,England
RH16,South East,England
RH17,South East,England
RH18,South East,England
RH19,South East,England
RH2,South East,England
RH20,South East,England
RH3,South East,England
RH4,South East,England
RH5,South East,England
RH6,South East,England
RH7,South East,England
RH8,South East,England
RH9,South East,England
RM1,London,England
RM10,London,England
RM11,London,England
RM12,London,England
RM13,London,England
RM14,London,England
RM15,East of England,England
RM16,East of England,England
RM17,East of England,England
RM18,East of England,England
RM19,East of England,England
RM2,London,England
RM20,East of England,England
RM3,London,England
RM4,East of England,England
RM5,London,England
RM6,London,England
RM7,London,England
RM8,London,England
RM9,London,England
S1,Yorkshire and the Humber,England
S10,Yorkshire and the Humber,England
S11,Yorkshire and the Humber,England
S12,Yorkshire and the Humber,England
S13,Yorkshire and the Humber,England
S14,Yorkshire and the Humber,England
S17,Yorkshire and the Humber,England
S18,East Midlands,England
S2,Yorkshire and the Humber,England
S20,Yorkshire and the Humber,England
S21,East Midlands,England
S25,Yorkshire and the Humber,England
S26,Yorkshire and the Humber,England
S3,Yorkshire and the Humber,England
S32,East Midlands,England
S33,East Midlands,England
S35,Yorkshire and the Humber,England
S36,Yorkshire and the Humber,England
S4,Yorkshire and the Humber,England
S40,East Midlands,England
S41,East Midlands,England
S42,East Midlands,England
S43,East Midlands,England
S44,East Midlands,England
S45,East Midlands,England
S5,Yorkshire and the Humber,England
S6,Yorkshire and the Humber,England
S60,Yorkshire and the Humber,England
S61,Yorkshire and the Humber,England
S62,Yorkshire and the Humber,England
S63,Yorkshire and the Humber,England
S64,Yorkshire and the Humber,England
S65,Yorkshire and the Humber,England
S66,Yorkshire and the Humber,England
S7,Yorkshire and the Humber,England
S70,Yorkshire and the Humber,England
S71,Yorkshire and the Humber,England
S72,Yorkshire and the Humber,England
S73,Yorkshire and the Humber,England
S74,Yorkshire and the Humber,England
S75,Yorkshire and the Humber,England
S8,Yorkshire and the Humber,England
S80,East Midlands,England
S81,East Midlands,England
S9,Yorkshire and the Humber,England
SA1,Wales,Wales
SA10,Wales,Wales
SA11,Wales,Wales
SA12,Wales,Wales
SA13,Wales,Wales
SA14,Wales,Wales
SA15,Wales,Wales
SA16,Wales,Wales
SA17,Wales,Wales
SA18,Wales,Wales
SA19,Wales,Wales
SA2,Wales,Wales
SA20,Wales,Wales
SA3,Wales,Wales
SA31,Wales,Wales
SA32,Wales,Wales
SA33,Wales,Wales
SA34,Wales,Wales
SA35,Wales,Wales
SA36,Wales,Wales
SA37,Wales,Wales
SA38,Wales,Wales
SA39,Wales,Wales
SA4,Wales,Wales
SA40,Wales,Wales
SA41,Wales,Wales
SA42,Wales,Wales
SA43,Wales,Wales
SA44,Wales,Wales
SA45,Wales,Wales
SA46,Wales,Wales
SA47,Wales,Wales
SA48,Wales,Wales
SA5,Wales,Wales
SA6,Wales,Wales
SA61,Wales,Wales
SA62,Wales,Wales
SA63,Wales,Wales
SA64,Wales,Wales
SA65,Wales,Wales
SA66,Wales,Wales
SA67,Wales,Wales
SA68,Wales,Wales
SA69,Wales,Wales
SA7,Wales,Wales
SA70,Wales,Wales
SA71,Wales,Wales
SA72,Wales,Wales
SA73,Wales,Wales
SA8,Wales,Wales
SA9,Wales,Wales
SE1,London,England
SE10,London,England
SE11,London,England
SE12,London,England
SE13,London,England
SE14,London,England
SE15,London,England
SE16,London,England
SE17,London,England
SE18,London,England
SE19,London,England
SE2,London,England
SE20,London,England
SE21,London,England
SE22,London,England
SE23,London,England
SE24,London,England
SE25,London,England
SE26,London,England
SE27,London,England
SE28,London,England
SE3,London,England
SE4,London,England
SE5,London,England
SE6,London,England
SE7,London,England
SE8,London,England
SE9,London,England
SG1,East of England,England
SG10,East of England,England
SG11,East of England,England
SG12,East of England,England
SG13,East of England,England
SG14,East of England,England
SG15,East of England,England
SG16,East of England,England
SG17,East of England,England
SG18,East of England,England
SG19,East of England,England
SG2,East of England,England
SG3,East of England,England
SG4,East of England,England
SG5,East of England,England
SG6,East of England,England
SG7,East of England,England
SG8,East of England,England
SG9,East of England,England
SK1,North West,England
SK10,North West,England
SK11,North West,England
SK12,North West,England
SK13,East Midlands,England
SK14,North West,England
SK15,North West,England
SK16,North West,England
SK17,East Midlands,England
SK2,North West,England
SK22,East Midlands,England
SK23,East Midlands,England
SK3,North West,England
SK4,North West,England
SK5,North West,England
SK6,North West,England
SK7,North West,England
SK8,North West,England
SK9,North West,England
SL0,South East,England
SL1,South East,England
SL2,South East,England
SL3,South East,England
SL4,South East,England
SL5,South East,England
SL6,South East,England
SL7,South East,England
SL8,South East,England
SL9,South East,England
SM1,London,England
SM2,London,England
SM3,London,England
SM4,London,England
SM5,London,England
SM6,London,England
SM7,South East,England
SN1,South West,England
SN10,South West,England
SN11,South West,England
SN12,South West,England
SN13,South West,England
SN14,South West,England
SN15,South West,England
SN16,South West,England
SN2,South West,England
SN25,South West,England
SN26,South West,England
SN3,South West,England
SN4,South West,England
SN5,South West,England
SN6,South West,England
SN7,South East,England
SN8,South West,England
SN9,South West,England
SO14,South East,England
SO15,South East,England
SO16,South East,England
SO17,South East,England
SO18,South East,England
SO19,South East,England
SO20,South East,England
SO21,South East,England
SO22,South East,England
SO23,South East,England
SO24,South East,England
SO30,South East,England
SO31,South East,England
SO32,South East,England
SO40,South East,England
SO41,South East,England
SO42,South East,England
SO43,South East,England
SO45,South East,England
SO50,South East,England
SO51,South East,England
SO52,South East,England
SO53,South East,England
SP1,South West,England
SP10,South East,England
SP11,South East,England
SP2,South West,England
SP3,South West,England
SP4,South West,England
SP5,South West,England
SP6,South East,England
SP7,South West,England
SP8,South West,England
SP9,South East,England
SR1,North East,England
SR2,North East,England
SR3,North East,England
SR4,North East,England
SR5,North East,England
SR6,North East,England
SR7,North East,England
SR8,North East,England
SR9,North East,England
SS0,East of England,England
SS1,East of England,England
SS11,East of England,England
SS12,East of England,England
SS13,East of England,England
SS14,East of England,England
SS15,East of England,England
SS16,East of England,England
SS17,East of England,England
SS2,East of England,England
SS3,East of England,England
SS4,East of England,England
SS5,East of England,England
SS6,East of England,England
SS7,East of England,England
SS8,East of England,England
SS9,East of England,England
ST1,West Midlands,England
ST10,West Midlands,England
ST11,West Midlands,England
ST12,West Midlands,England
ST13,West Midlands,England
ST14,West Midlands,England
ST15,West Midlands,England
ST16,West Midlands,England
ST17,West Midlands,England
ST18,West Midlands,England
ST19,West Midlands,England
ST2,West Midlands,England
ST20,West Midlands,England
ST21,West Midlands,England
ST3,West Midlands,England
ST4,West Midlands,England
ST5,West Midlands,England
ST6,West Midlands,England
ST7,West Midlands,England
ST8,West Midlands,England
ST9,West Midlands,England
SW1,London,England
SW10,London,England
SW11,London,England
SW12,London,England
SW13,London,England
SW14,London,England
SW15,London,England
SW16,London,England
SW17,London,England
SW18,London,England
SW19,London,England
SW1A,London,England
SW1E,London,England
SW1H,London,England
SW1P,London,England
SW1V,London,England
SW1W,London,England
SW1X,London,England
SW1Y,London,England
SW2,London,England
SW20,London,England
SW3,London,England
SW4,London,England
SW5,London,England
SW6,London,England
SW7,London,England
SW8,London,England
SW9,London,England
SY1,West Midlands,England
SY10,West Midlands,England
SY11,West Midlands,England
SY12,West Midlands,England
SY13,West Midlands,England
SY14,North West,England
SY15,Wales,Wales
SY16,Wales,Wales
SY17,Wales,Wales
SY18,Wales,Wales
SY19,Wales,Wales
SY2,West Midlands,England
SY20,Wales,Wales
SY21,Wales,Wales
SY22,Wales,Wales
SY23,Wales,Wales
SY24,Wales,Wales
SY25,Wales,Wales
SY3,West Midlands,England
SY4,West Midlands,England
SY5,West Midlands,England
SY6,West Midlands,England
SY7,West Midlands,England
SY8,West Midlands,England
SY9,West Midlands,England
TA1,South West,England
TA10,South West,England
TA11,South West,England
TA12,South West,England
TA13,South West,England
TA14,South West,England
TA15,South West,England
TA16,South West,England
TA17,South West,England
TA18,South West,England
TA19,South West,England
TA2,South West,England
TA20,South West,England
TA21,South West,England
TA22,South West,England
TA23,South West,England
TA24,South West,England
TA3,South West,England
TA4,South West,England
TA5,South West,England
TA6,South West,England
TA7,South West,England
TA8,South West,England
TA9,South West,England
TD1,Scotland,Scotland
TD10,Scotland,Scotland
TD11,Scotland,Scotland
TD12,North East,Scotland
TD13,Scotland,Scotland
TD14,Scotland,Scotland
TD15,North East,Scotland
TD2,Scotland,Scotland
TD3,Scotland,Scotland
TD4,Scotland,Scotland
TD5,Scotland,Scotland
TD6,Scotland,Scotland
TD7,Scotland,Scotland
TD8,Scotland,Scotland
TD9,Scotland,Scotland
TF1,West Midlands,England
TF10,West Midlands,England
TF11,West Midlands,England
TF12,West Midlands,England
TF13,West Midlands,England
TF2,West Midlands,England
TF3,West Midlands,England
TF4,West Midlands,England
TF5,West Midlands,England
TF6,West Midlands,England
TF7,West Midlands,England
TF8,West Midlands,England
TF9,West Midlands,England
TN1,South East,England
TN10,South East,England
TN11,South East,England
TN12,South East,England
TN13,South East,England
TN14,South East,England
TN15,South East,England
TN16,London,England
TN17,South East,England
TN18,South East,England
TN19,South East,England
TN2,South East,England
TN20,South East,England
TN21,South East,England
TN22,South East,England
TN23,South East,England
TN24,South East,England
TN25,South East,England
TN26,South East,England
TN27,South East,England
TN28,South East,England
TN29,South East,England
TN3,South East,England
TN30,South East,England
TN31,South East,England
TN32,South East,England
TN33,South East,England
TN34,South East,England
TN35,South East,England
TN36,South East,England
TN37,South East,England
TN38,South East,England
TN39,South East,England
TN4,South East,England
TN40,South East,England
TN5,South East,England
TN6,South East,England
TN7,South East,England
TN8,South East,England
TN9,South East,England
TQ1,South West,England
TQ10,South West,England
TQ11,South West,England
TQ12,South West,England
TQ13,South West,England
TQ14,South West,England
TQ2,South West,England
TQ3,South West,England
TQ4,South West,England
TQ5,South West,England
TQ6,South West,England
TQ7,South West,England
TQ8,South West,England
TQ9,South West,England
TR1,South West,England
TR10,South West,England
TR11,South West,England
TR12,South West,England
TR13,South West,England
TR14,South West,England
TR15,South West,England
TR16,South West,England
TR17,South West,England
TR18,South West,England
TR19,South West,England
TR2,South West,England
TR20,South West,England
TR21,South West,England
TR22,South West,England
TR23,South West,England
TR24,South West,England
TR25,South West,England
TR26,South West,England
TR27,South West,England
TR3,South West,England
TR4,South West,England
TR5,South West,England
TR6,South West,England
TR7,South West,England
TR8,South West,England
TR9,South West,England
TS1,North East,England
TS10,North East,England
TS11,North East,England
TS12,North East,England
TS13,North East,England
TS14,North East,England
TS15,North East,England
TS16,North East,England
TS17,North East,England
TS18,North East,England
TS19,North East,England
TS2,North East,England
TS20,North East,England
TS21,North East,England
TS22,North East,England
TS23,North East,England
TS24,North East,England
TS25,North East,England
TS26,North East,England
TS27,North East,England
TS28,North East,England
TS29,North East,England
TS3,North East,England
TS4,North East,England
TS5,North East,England
TS6,North East,England
TS7,North East,England
TS8,North East,England
TS9,Yorkshire and the Humber,England
TW1,London,England
TW10,London,England
TW11,London,England
TW12,London,England
TW13,London,England
TW14,London,England
TW15,South East,England
TW16,South East,England
TW17,South East,England
TW18,South East,England
TW19,South East,England
TW2,London,England
TW20,South East,England
TW3,London,England
TW4,London,England
TW5,London,England
TW6,London,England
TW7,London,England
TW8,London,England
TW9,London,England
UB1,London,England
UB10,London,England
UB11,London,England
UB2,London,England
UB3,London,England
UB4,London,England
UB5,London,England
UB6,London,England
UB7,London,England
UB8,London,England
UB9,South East,England
W1,London,England
W10,London,England
W11,London,England
W12,London,England
W13,London,England
W14,London,England
W1B,London,England
W1C,London,England
W1D,London,England
W1F,London,England
W1G,London,England
W1H,London,England
W1J,London,England
W1K,London,England
W1M,London,England
W1S,London,England
W1T,London,England
W1U,London,England
W1W,London,England
W2,London,England
W3,London,England
W4,London,England
W5,London,England
W6,London,England
W7,London,England
W8,London,England
W9,London,England
WA1,North West,England
WA10,North West,England
WA11,North West,England
WA12,North West,England
WA13,North West,England
WA14,North West,England
WA15,North West,England
WA16,North West,England
WA2,North West,England
WA3,North West,England
WA4,North West,England
WA5,North West,England
WA6,North West,England
WA7,North West,England
WA8,North West,England
WA9,North West,England
WC1,London,England
WC1A,London,England
WC1B,London,England
WC1E,London,England
WC1H,London,England
WC1N,London,England
WC1R,London,England
WC1V,London,England
WC1X,London,England
WC2,London,England
WC2A,London,England
WC2B,London,England
WC2E,London,England
WC2H,London,England
WC2N,London,England
WC2R,London,England
WD1,East of England,England
WD17,East of England,England
WD18,East of England,England
WD19,East of England,England
WD2,East of England,England
WD23,East of England,England
WD24,East of England,England
WD25,East of England,England
WD3,East of England,England
WD4,East of England,England
WD5,East of England,England
WD6,East of England,England
WD7,East of England,England
WF1,Yorkshire and the Humber,England
WF10,Yorkshire and the Humber,England
WF11,Yorkshire and the Humber,England
WF12,Yorkshire and the Humber,England
WF13,Yorkshire and the Humber,England
WF14,Yorkshire and the Humber,England
WF15,Yorkshire and the Humber,England
WF16,Yorkshire and the Humber,England
WF17,Yorkshire and the Humber,England
WF2,Yorkshire and the Humber,England
WF3,Yorkshire and the Humber,England
WF4,Yorkshire and the Humber,England
WF5,Yorkshire and the Humber,England
WF6,Yorkshire and the Humber,England
WF7,Yorkshire and the Humber,England
WF8,Yorkshire and the Humber,England
WF9,Yorkshire and the Humber,England
WN1,North West,England
WN2,North West,England
WN3,North West,England
WN4,North West,England
WN5,North West,England
WN6,North West,England
WN7,North West,England
WN8,North West,England
WR1,West Midlands,England
WR10,West Midlands,England
WR11,West Midlands,England
WR12,West Midlands,England
WR13,West Midlands,England
WR14,West Midlands,England
WR15,West Midlands,England
WR2,West Midlands,England
WR3,West Midlands,England
WR4,West Midlands,England
WR5,West Midlands,England
WR6,West Midlands,England
WR7,West Midlands,England
WR8,West Midlands,England
WR9,West Midlands,England
WS1,West Midlands,England
WS10,West Midlands,England
WS11,West Midlands,England
WS12,West Midlands,England
WS13,West Midlands,England
WS14,West Midlands,England
WS15,West Midlands,England
WS2,West Midlands,England
WS3,West Midlands,England
WS4,West Midlands,England
WS5,West Midlands,England
WS6,West Midlands,England
WS7,West Midlands,England
WS8,West Midlands,England
WS9,West Midlands,England
WV1,West Midlands,England
WV10,West Midlands,England
WV11,West Midlands,England
WV12,West Midlands,England
WV13,West Midlands,England
WV14,West Midlands,England
WV15,West Midlands,England
WV16,West Midlands,England
WV2,West Midlands,England
WV3,West Midlands,England
WV4,West Midlands,England
WV5,West Midlands,England
WV6,West Midlands,England
WV7,West Midlands,England
WV8,West Midlands,England
WV9,West Midlands,England
YO1,Yorkshire and the Humber,England
YO10,Yorkshire and the Humber,England
YO11,Yorkshire and the Humber,England
YO12,Yorkshire and the Humber,England
YO13,Yorkshire and the Humber,England
YO14,Yorkshire and the Humber,England
YO15,Yorkshire and the Humber,England
YO16,Yorkshire and the Humber,England
YO17,Yorkshire and the Humber,England
YO18,Yorkshire and the Humber,England
YO19,Yorkshire and the Humber,England
YO21,Yorkshire and the Humber,England
YO22,Yorkshire and the Humber,England
YO23,Yorkshire and the Humber,England
YO24,Yorkshire and the Humber,England
YO25,Yorkshire and the Humber,England
YO26,Yorkshire and the Humber,England
YO30,Yorkshire and the Humber,England
YO31,Yorkshire and the Humber,England
YO32,Yorkshire and the Humber,England
YO41,Yorkshire and the Humber,England
YO42,Yorkshire and the Humber,England
YO43,Yorkshire and the Humber,England
YO51,Yorkshire and the Humber,England
YO60,Yorkshire and the Humber,England
YO61,Yorkshire and the Humber,England
YO62,Yorkshire and the Humber,England
YO7,Yorkshire and the Humber,England
YO8,Yorkshire and the Humber,England
ZE1,Scotland,Scotland
ZE2,Scotland,Scotland
ZE3,Scotland,Scotland
